-- phpMyAdmin SQL Dump
-- version 4.7.9
-- https://www.phpmyadmin.net/
--
-- Host: 127.0.0.1
-- Generation Time: Feb 04, 2020 at 01:15 PM
-- Server version: 10.1.31-MariaDB
-- PHP Version: 7.2.3

SET SQL_MODE = "NO_AUTO_VALUE_ON_ZERO";
SET AUTOCOMMIT = 0;
START TRANSACTION;
SET time_zone = "+00:00";


/*!40101 SET @OLD_CHARACTER_SET_CLIENT=@@CHARACTER_SET_CLIENT */;
/*!40101 SET @OLD_CHARACTER_SET_RESULTS=@@CHARACTER_SET_RESULTS */;
/*!40101 SET @OLD_COLLATION_CONNECTION=@@COLLATION_CONNECTION */;
/*!40101 SET NAMES utf8mb4 */;

--
-- Database: `adidas`
--

-- --------------------------------------------------------

--
-- Table structure for table `comment`
--

CREATE TABLE `comment` (
  `id` int(11) NOT NULL,
  `content` varchar(255) COLLATE utf8mb4_unicode_ci NOT NULL,
  `date` timestamp NOT NULL DEFAULT CURRENT_TIMESTAMP,
  `user` varchar(255) COLLATE utf8mb4_unicode_ci NOT NULL,
  `id_product` int(11) NOT NULL
) ENGINE=InnoDB DEFAULT CHARSET=utf8mb4 COLLATE=utf8mb4_unicode_ci;

--
-- Dumping data for table `comment`
--

INSERT INTO `comment` (`id`, `content`, `date`, `user`, `id_product`) VALUES
(32, 'sản phẩm đẹp', '2019-10-04 16:11:15', 'admin', 18),
(33, 'quá tuyệt vời luôn', '2019-10-04 16:11:42', 'Phuong Nguyễn', 18),
(35, 'còn hàng không', '2019-10-04 16:12:31', 'phuong', 18),
(39, 'very good', '2019-10-09 14:20:05', 'Phuong Nguyen', 18),
(40, 'a đây rồi...!', '2019-10-09 15:34:54', 'Phương Béo', 13),
(41, 'sản phẩm đẹp', '2019-11-02 00:31:25', 'Phuong Nguyen', 13),
(42, 'đẹp', '2019-11-02 01:42:25', 'phuong beo', 14);

-- --------------------------------------------------------

--
-- Table structure for table `list`
--

CREATE TABLE `list` (
  `id` int(11) NOT NULL,
  `category_name` varchar(255) COLLATE utf8mb4_unicode_ci DEFAULT NULL,
  `image` varchar(255) COLLATE utf8mb4_unicode_ci NOT NULL
) ENGINE=InnoDB DEFAULT CHARSET=utf8mb4 COLLATE=utf8mb4_unicode_ci;

--
-- Dumping data for table `list`
--

INSERT INTO `list` (`id`, `category_name`, `image`) VALUES
(1, 'ultra boost', 'uploads/5d96b7fcb7763-ultra1.jpg'),
(2, 'yeezy', 'uploads/5d96b8077459f-ultra3.png'),
(3, 'stansmith', 'uploads/5d96b81c169a0-ultra4.jpg'),
(4, 'nmd', 'uploads/5d96b82bb7d9c-ultra5.jpg'),
(5, 'tubular', 'uploads/5d96b83879434-tubular3.jpg'),
(6, 'alphabounce', 'uploads/5d96b841abcbf-alpha2.jpg'),
(7, 'eqt boost', 'uploads/5d96b84f9bea5-eqt1.png');

-- --------------------------------------------------------

--
-- Table structure for table `product`
--

CREATE TABLE `product` (
  `id` int(11) NOT NULL,
  `name` varchar(255) COLLATE utf8mb4_unicode_ci NOT NULL,
  `image` varchar(255) COLLATE utf8mb4_unicode_ci NOT NULL DEFAULT '',
  `price` int(11) NOT NULL,
  `detail` text COLLATE utf8mb4_unicode_ci NOT NULL,
  `id_list` int(11) NOT NULL
) ENGINE=InnoDB DEFAULT CHARSET=utf8mb4 COLLATE=utf8mb4_unicode_ci;

--
-- Dumping data for table `product`
--

INSERT INTO `product` (`id`, `name`, `image`, `price`, `detail`, `id_list`) VALUES
(12, 'adidas nmd', 'uploads/5d9df9e35f47f-nmd1.jpg', 4500000, '<span style=\"font-size: large; text-align: justify;\">- Kiểu dáng trẻ trung, năng động</span><br><span style=\"font-size: large; text-align: justify;\">- Lớp lót dạng lưới thoáng khí, mũi giày đầy đặn</span><br><span style=\"font-size: large; text-align: justify;\">- Đế cao su chống trơn trượt hiệu quả</span><br><span style=\"font-size: large; text-align: justify;\">- Hàng<font color=\"#ff0000\">&nbsp;100%</font>&nbsp;chính hãng thương hiệu Mỹ, sản xuất tại nước thứ 3 (Việt Nam, Trung Quốc, Ấn Độ,Campuchia…) tùy từng lô hàng</span>', 4),
(13, 'adidas ultra boost', 'uploads/5d9beb9059efc-ultra3.png', 2000000, '<span style=\"font-size: large; text-align: justify;\">- Kiểu dáng trẻ trung, năng động</span><br><span style=\"font-size: large; text-align: justify;\">- Lớp lót dạng lưới thoáng khí, mũi giày đầy đặn</span><br><span style=\"font-size: large; text-align: justify;\">- Đế cao su chống trơn trượt hiệu quả</span><br><span style=\"font-size: large; text-align: justify;\">- Hàng<font color=\"#ff0000\">&nbsp;100%</font>&nbsp;chính hãng thương hiệu Mỹ, sản xuất tại nước thứ 3 (Việt Nam, Trung Quốc, Ấn Độ,Campuchia…) tùy từng lô hàng</span>', 1),
(14, 'adidas yeezy', 'uploads/5d9df7ca727dd-yeezy1.jpg', 2700000, '<span style=\"font-size: large; text-align: justify;\">- Kiểu dáng trẻ trung, năng động</span><br><span style=\"font-size: large; text-align: justify;\">- Lớp lót dạng lưới thoáng khí, mũi giày đầy đặn</span><br><span style=\"font-size: large; text-align: justify;\">- Đế cao su chống trơn trượt hiệu quả</span><br><span style=\"font-size: large; text-align: justify;\">- Hàng<font color=\"#ff0000\">&nbsp;100%</font>&nbsp;chính hãng thương hiệu Mỹ, sản xuất tại nước thứ 3 (Việt Nam, Trung Quốc, Ấn Độ,Campuchia…) tùy từng lô hàng</span>', 2),
(15, 'adidas stansmith', 'uploads/5d9df8c8e0b8f-stans1.jpg', 4500000, '<span style=\"font-size: large; text-align: justify;\">- Kiểu dáng trẻ trung, năng động</span><br><span style=\"font-size: large; text-align: justify;\">- Lớp lót dạng lưới thoáng khí, mũi giày đầy đặn</span><br><span style=\"font-size: large; text-align: justify;\">- Đế cao su chống trơn trượt hiệu quả</span><br><span style=\"font-size: large; text-align: justify;\">- Hàng<font color=\"#ff0000\">&nbsp;100%</font>&nbsp;chính hãng thương hiệu Mỹ, sản xuất tại nước thứ 3 (Việt Nam, Trung Quốc, Ấn Độ,Campuchia…) tùy từng lô hàng</span>', 3),
(16, 'adidas tubular', 'uploads/5d9dfacf087e9-tubular1.jpg', 6700000, '<span style=\"font-size: large; text-align: justify;\">- Kiểu dáng trẻ trung, năng động</span><br><span style=\"font-size: large; text-align: justify;\">- Lớp lót dạng lưới thoáng khí, mũi giày đầy đặn</span><br><span style=\"font-size: large; text-align: justify;\">- Đế cao su chống trơn trượt hiệu quả</span><br><span style=\"font-size: large; text-align: justify;\">- Hàng<font color=\"#ff0000\">&nbsp;100%</font>&nbsp;chính hãng thương hiệu Mỹ, sản xuất tại nước thứ 3 (Việt Nam, Trung Quốc, Ấn Độ,Campuchia…) tùy từng lô hàng</span>', 5),
(17, 'adidas alphabounce', 'uploads/5d9dfbf36989b-alpha1.jpg', 5000000, '<span style=\"font-size: large; text-align: justify;\">- Kiểu dáng trẻ trung, năng động</span><br><span style=\"font-size: large; text-align: justify;\">- Lớp lót dạng lưới thoáng khí, mũi giày đầy đặn</span><br><span style=\"font-size: large; text-align: justify;\">- Đế cao su chống trơn trượt hiệu quả</span><br><span style=\"font-size: large; text-align: justify;\">- Hàng<font color=\"#ff0000\">&nbsp;100%</font>&nbsp;chính hãng thương hiệu Mỹ, sản xuất tại nước thứ 3 (Việt Nam, Trung Quốc, Ấn Độ,Campuchia…) tùy từng lô hàng</span>', 6),
(18, 'adidas eqt boost', 'uploads/5d9dfcf3c1053-eqt1.png', 4500000, '<span style=\"font-size: large; text-align: justify;\">- Kiểu dáng trẻ trung, năng động</span><br><span style=\"font-size: large; text-align: justify;\">- Lớp lót dạng lưới thoáng khí, mũi giày đầy đặn</span><br><span style=\"font-size: large; text-align: justify;\">- Đế cao su chống trơn trượt hiệu quả</span><br><span style=\"font-size: large; text-align: justify;\">- Hàng<font color=\"#ff0000\"> 100%</font> chính hãng thương hiệu Mỹ, sản xuất tại nước thứ 3 (Việt Nam, Trung Quốc, Ấn Độ,Campuchia…) tùy từng lô hàng</span>', 7),
(21, 'adidas ultra boost', 'uploads/5d9df659ad5ba-ultra1.jpg', 2500000, '<span style=\"background-color: rgb(244, 245, 248); font-size: large; text-align: justify;\">- Kiểu dáng trẻ trung, năng động</span><br style=\"font-size: medium; background-color: rgb(244, 245, 248);\"><span style=\"background-color: rgb(244, 245, 248); font-size: large; text-align: justify;\">- Lớp lót dạng lưới thoáng khí, mũi giày đầy đặn</span><br style=\"font-size: medium; background-color: rgb(244, 245, 248);\"><span style=\"background-color: rgb(244, 245, 248); font-size: large; text-align: justify;\">- Đế cao su chống trơn trượt hiệu quả</span><br style=\"font-size: medium; background-color: rgb(244, 245, 248);\"><span style=\"background-color: rgb(244, 245, 248); font-size: large; text-align: justify;\">- Hàng<font color=\"#ff0000\">&nbsp;100%</font>&nbsp;chính hãng thương hiệu Mỹ, sản xuất tại nước thứ 3 (Việt Nam, Trung Quốc, Ấn Độ,Campuchia…) tùy từng lô hàng</span>', 1),
(22, 'adidas ultra boost', 'uploads/5d9df69e6cb0d-ultra2.jpg', 3000002, '<span style=\"background-color: rgb(244, 245, 248); font-size: large; text-align: justify;\">- Kiểu dáng trẻ trung, năng động</span><br style=\"font-size: medium; background-color: rgb(244, 245, 248);\"><span style=\"background-color: rgb(244, 245, 248); font-size: large; text-align: justify;\">- Lớp lót dạng lưới thoáng khí, mũi giày đầy đặn</span><br style=\"font-size: medium; background-color: rgb(244, 245, 248);\"><span style=\"background-color: rgb(244, 245, 248); font-size: large; text-align: justify;\">- Đế cao su chống trơn trượt hiệu quả</span><br style=\"font-size: medium; background-color: rgb(244, 245, 248);\"><span style=\"background-color: rgb(244, 245, 248); font-size: large; text-align: justify;\">- Hàng<font color=\"#ff0000\">&nbsp;100%</font>&nbsp;chính hãng thương hiệu Mỹ, sản xuất tại nước thứ 3 (Việt Nam, Trung Quốc, Ấn Độ,Campuchia…) tùy từng lô hàng</span>', 1),
(23, 'adidas ultra boost', 'uploads/5d9df6ce8c320-ultra4.jpg', 4299999, '<span style=\"background-color: rgb(244, 245, 248); font-size: large; text-align: justify;\">- Kiểu dáng trẻ trung, năng động</span><br style=\"font-size: medium; background-color: rgb(244, 245, 248);\"><span style=\"background-color: rgb(244, 245, 248); font-size: large; text-align: justify;\">- Lớp lót dạng lưới thoáng khí, mũi giày đầy đặn</span><br style=\"font-size: medium; background-color: rgb(244, 245, 248);\"><span style=\"background-color: rgb(244, 245, 248); font-size: large; text-align: justify;\">- Đế cao su chống trơn trượt hiệu quả</span><br style=\"font-size: medium; background-color: rgb(244, 245, 248);\"><span style=\"background-color: rgb(244, 245, 248); font-size: large; text-align: justify;\">- Hàng<font color=\"#ff0000\">&nbsp;100%</font>&nbsp;chính hãng thương hiệu Mỹ, sản xuất tại nước thứ 3 (Việt Nam, Trung Quốc, Ấn Độ,Campuchia…) tùy từng lô hàng</span>', 1),
(24, 'adidas ultra boost', 'uploads/5d9df6f6ea9b2-ultra5.jpg', 1300000, '<span style=\"background-color: rgb(244, 245, 248); font-size: large; text-align: justify;\">- Kiểu dáng trẻ trung, năng động</span><br style=\"font-size: medium; background-color: rgb(244, 245, 248);\"><span style=\"background-color: rgb(244, 245, 248); font-size: large; text-align: justify;\">- Lớp lót dạng lưới thoáng khí, mũi giày đầy đặn</span><br style=\"font-size: medium; background-color: rgb(244, 245, 248);\"><span style=\"background-color: rgb(244, 245, 248); font-size: large; text-align: justify;\">- Đế cao su chống trơn trượt hiệu quả</span><br style=\"font-size: medium; background-color: rgb(244, 245, 248);\"><span style=\"background-color: rgb(244, 245, 248); font-size: large; text-align: justify;\">- Hàng<font color=\"#ff0000\">&nbsp;100%</font>&nbsp;chính hãng thương hiệu Mỹ, sản xuất tại nước thứ 3 (Việt Nam, Trung Quốc, Ấn Độ,Campuchia…) tùy từng lô hàng</span>', 1),
(25, 'adidas ultra boost', 'uploads/5d9df7446cf27-ultra6.jpg', 4700000, '<span style=\"background-color: rgb(244, 245, 248); font-size: large; text-align: justify;\">- Kiểu dáng trẻ trung, năng động</span><br style=\"font-size: medium; background-color: rgb(244, 245, 248);\"><span style=\"background-color: rgb(244, 245, 248); font-size: large; text-align: justify;\">- Lớp lót dạng lưới thoáng khí, mũi giày đầy đặn</span><br style=\"font-size: medium; background-color: rgb(244, 245, 248);\"><span style=\"background-color: rgb(244, 245, 248); font-size: large; text-align: justify;\">- Đế cao su chống trơn trượt hiệu quả</span><br style=\"font-size: medium; background-color: rgb(244, 245, 248);\"><span style=\"background-color: rgb(244, 245, 248); font-size: large; text-align: justify;\">- Hàng<font color=\"#ff0000\">&nbsp;100%</font>&nbsp;chính hãng thương hiệu Mỹ, sản xuất tại nước thứ 3 (Việt Nam, Trung Quốc, Ấn Độ,Campuchia…) tùy từng lô hàng</span>', 1),
(26, 'adidas ultra boost', 'uploads/5d9df7712b3a7-ultra7.jpg', 4500000, '<span style=\"background-color: rgb(244, 245, 248); font-size: large; text-align: justify;\">- Kiểu dáng trẻ trung, năng động</span><br style=\"font-size: medium; background-color: rgb(244, 245, 248);\"><span style=\"background-color: rgb(244, 245, 248); font-size: large; text-align: justify;\">- Lớp lót dạng lưới thoáng khí, mũi giày đầy đặn</span><br style=\"font-size: medium; background-color: rgb(244, 245, 248);\"><span style=\"background-color: rgb(244, 245, 248); font-size: large; text-align: justify;\">- Đế cao su chống trơn trượt hiệu quả</span><br style=\"font-size: medium; background-color: rgb(244, 245, 248);\"><span style=\"background-color: rgb(244, 245, 248); font-size: large; text-align: justify;\">- Hàng<font color=\"#ff0000\">&nbsp;100%</font>&nbsp;chính hãng thương hiệu Mỹ, sản xuất tại nước thứ 3 (Việt Nam, Trung Quốc, Ấn Độ,Campuchia…) tùy từng lô hàng</span>', 1),
(27, 'adidas ultra boost', 'uploads/5d9df785574ff-ultra8.jpg', 6000000, '<span style=\"background-color: rgb(244, 245, 248); font-size: large; text-align: justify;\">- Kiểu dáng trẻ trung, năng động</span><br style=\"font-size: medium; background-color: rgb(244, 245, 248);\"><span style=\"background-color: rgb(244, 245, 248); font-size: large; text-align: justify;\">- Lớp lót dạng lưới thoáng khí, mũi giày đầy đặn</span><br style=\"font-size: medium; background-color: rgb(244, 245, 248);\"><span style=\"background-color: rgb(244, 245, 248); font-size: large; text-align: justify;\">- Đế cao su chống trơn trượt hiệu quả</span><br style=\"font-size: medium; background-color: rgb(244, 245, 248);\"><span style=\"background-color: rgb(244, 245, 248); font-size: large; text-align: justify;\">- Hàng<font color=\"#ff0000\">&nbsp;100%</font>&nbsp;chính hãng thương hiệu Mỹ, sản xuất tại nước thứ 3 (Việt Nam, Trung Quốc, Ấn Độ,Campuchia…) tùy từng lô hàng</span>', 1),
(28, 'adidas ultra boost', 'uploads/5d9df79b7fac5-ultra9.jpg', 5000000, '<span style=\"background-color: rgb(244, 245, 248); font-size: large; text-align: justify;\">- Kiểu dáng trẻ trung, năng động</span><br style=\"font-size: medium; background-color: rgb(244, 245, 248);\"><span style=\"background-color: rgb(244, 245, 248); font-size: large; text-align: justify;\">- Lớp lót dạng lưới thoáng khí, mũi giày đầy đặn</span><br style=\"font-size: medium; background-color: rgb(244, 245, 248);\"><span style=\"background-color: rgb(244, 245, 248); font-size: large; text-align: justify;\">- Đế cao su chống trơn trượt hiệu quả</span><br style=\"font-size: medium; background-color: rgb(244, 245, 248);\"><span style=\"background-color: rgb(244, 245, 248); font-size: large; text-align: justify;\">- Hàng<font color=\"#ff0000\">&nbsp;100%</font>&nbsp;chính hãng thương hiệu Mỹ, sản xuất tại nước thứ 3 (Việt Nam, Trung Quốc, Ấn Độ,Campuchia…) tùy từng lô hàng</span>', 1),
(29, 'adidas yeezy', 'uploads/5d9df7f8c847b-yeezy2.jpg', 4500000, '<span style=\"background-color: rgb(244, 245, 248); font-size: large; text-align: justify;\">- Kiểu dáng trẻ trung, năng động</span><br style=\"font-size: medium; background-color: rgb(244, 245, 248);\"><span style=\"background-color: rgb(244, 245, 248); font-size: large; text-align: justify;\">- Lớp lót dạng lưới thoáng khí, mũi giày đầy đặn</span><br style=\"font-size: medium; background-color: rgb(244, 245, 248);\"><span style=\"background-color: rgb(244, 245, 248); font-size: large; text-align: justify;\">- Đế cao su chống trơn trượt hiệu quả</span><br style=\"font-size: medium; background-color: rgb(244, 245, 248);\"><span style=\"background-color: rgb(244, 245, 248); font-size: large; text-align: justify;\">- Hàng<font color=\"#ff0000\">&nbsp;100%</font>&nbsp;chính hãng thương hiệu Mỹ, sản xuất tại nước thứ 3 (Việt Nam, Trung Quốc, Ấn Độ,Campuchia…) tùy từng lô hàng</span>', 2),
(30, 'adidas yeezy', 'uploads/5d9df80b719f8-yeezy3.jpg', 6700000, '<span style=\"background-color: rgb(244, 245, 248); font-size: large; text-align: justify;\">- Kiểu dáng trẻ trung, năng động</span><br style=\"font-size: medium; background-color: rgb(244, 245, 248);\"><span style=\"background-color: rgb(244, 245, 248); font-size: large; text-align: justify;\">- Lớp lót dạng lưới thoáng khí, mũi giày đầy đặn</span><br style=\"font-size: medium; background-color: rgb(244, 245, 248);\"><span style=\"background-color: rgb(244, 245, 248); font-size: large; text-align: justify;\">- Đế cao su chống trơn trượt hiệu quả</span><br style=\"font-size: medium; background-color: rgb(244, 245, 248);\"><span style=\"background-color: rgb(244, 245, 248); font-size: large; text-align: justify;\">- Hàng<font color=\"#ff0000\">&nbsp;100%</font>&nbsp;chính hãng thương hiệu Mỹ, sản xuất tại nước thứ 3 (Việt Nam, Trung Quốc, Ấn Độ,Campuchia…) tùy từng lô hàng</span>', 2),
(31, 'adidas yeezy', 'uploads/5d9df81eab623-yeezy4.jpg', 5999998, '<span style=\"background-color: rgb(244, 245, 248); font-size: large; text-align: justify;\">- Kiểu dáng trẻ trung, năng động</span><br style=\"font-size: medium; background-color: rgb(244, 245, 248);\"><span style=\"background-color: rgb(244, 245, 248); font-size: large; text-align: justify;\">- Lớp lót dạng lưới thoáng khí, mũi giày đầy đặn</span><br style=\"font-size: medium; background-color: rgb(244, 245, 248);\"><span style=\"background-color: rgb(244, 245, 248); font-size: large; text-align: justify;\">- Đế cao su chống trơn trượt hiệu quả</span><br style=\"font-size: medium; background-color: rgb(244, 245, 248);\"><span style=\"background-color: rgb(244, 245, 248); font-size: large; text-align: justify;\">- Hàng<font color=\"#ff0000\">&nbsp;100%</font>&nbsp;chính hãng thương hiệu Mỹ, sản xuất tại nước thứ 3 (Việt Nam, Trung Quốc, Ấn Độ,Campuchia…) tùy từng lô hàng</span>', 2),
(32, 'adidas yeezy', 'uploads/5d9df83243a60-yeezy5.png', 2000000, '<span style=\"background-color: rgb(244, 245, 248); font-size: large; text-align: justify;\">- Kiểu dáng trẻ trung, năng động</span><br style=\"font-size: medium; background-color: rgb(244, 245, 248);\"><span style=\"background-color: rgb(244, 245, 248); font-size: large; text-align: justify;\">- Lớp lót dạng lưới thoáng khí, mũi giày đầy đặn</span><br style=\"font-size: medium; background-color: rgb(244, 245, 248);\"><span style=\"background-color: rgb(244, 245, 248); font-size: large; text-align: justify;\">- Đế cao su chống trơn trượt hiệu quả</span><br style=\"font-size: medium; background-color: rgb(244, 245, 248);\"><span style=\"background-color: rgb(244, 245, 248); font-size: large; text-align: justify;\">- Hàng<font color=\"#ff0000\">&nbsp;100%</font>&nbsp;chính hãng thương hiệu Mỹ, sản xuất tại nước thứ 3 (Việt Nam, Trung Quốc, Ấn Độ,Campuchia…) tùy từng lô hàng</span>', 2),
(33, 'adidas yeezy', 'uploads/5d9df849a13e1-yeezy6.jpg', 4500000, '<span style=\"background-color: rgb(244, 245, 248); font-size: large; text-align: justify;\">- Kiểu dáng trẻ trung, năng động</span><br style=\"font-size: medium; background-color: rgb(244, 245, 248);\"><span style=\"background-color: rgb(244, 245, 248); font-size: large; text-align: justify;\">- Lớp lót dạng lưới thoáng khí, mũi giày đầy đặn</span><br style=\"font-size: medium; background-color: rgb(244, 245, 248);\"><span style=\"background-color: rgb(244, 245, 248); font-size: large; text-align: justify;\">- Đế cao su chống trơn trượt hiệu quả</span><br style=\"font-size: medium; background-color: rgb(244, 245, 248);\"><span style=\"background-color: rgb(244, 245, 248); font-size: large; text-align: justify;\">- Hàng<font color=\"#ff0000\">&nbsp;100%</font>&nbsp;chính hãng thương hiệu Mỹ, sản xuất tại nước thứ 3 (Việt Nam, Trung Quốc, Ấn Độ,Campuchia…) tùy từng lô hàng</span>', 2),
(34, 'adidas yeezy', 'uploads/5d9df863b36fd-yeezy7.jpg', 3500000, '<span style=\"background-color: rgb(244, 245, 248); font-size: large; text-align: justify;\">- Kiểu dáng trẻ trung, năng động</span><br style=\"font-size: medium; background-color: rgb(244, 245, 248);\"><span style=\"background-color: rgb(244, 245, 248); font-size: large; text-align: justify;\">- Lớp lót dạng lưới thoáng khí, mũi giày đầy đặn</span><br style=\"font-size: medium; background-color: rgb(244, 245, 248);\"><span style=\"background-color: rgb(244, 245, 248); font-size: large; text-align: justify;\">- Đế cao su chống trơn trượt hiệu quả</span><br style=\"font-size: medium; background-color: rgb(244, 245, 248);\"><span style=\"background-color: rgb(244, 245, 248); font-size: large; text-align: justify;\">- Hàng<font color=\"#ff0000\">&nbsp;100%</font>&nbsp;chính hãng thương hiệu Mỹ, sản xuất tại nước thứ 3 (Việt Nam, Trung Quốc, Ấn Độ,Campuchia…) tùy từng lô hàng</span>', 2),
(35, 'adidas yeezy', 'uploads/5d9df879bae8f-yeezy8.jpg', 6999999, '<span style=\"background-color: rgb(244, 245, 248); font-size: large; text-align: justify;\">- Kiểu dáng trẻ trung, năng động</span><br style=\"font-size: medium; background-color: rgb(244, 245, 248);\"><span style=\"background-color: rgb(244, 245, 248); font-size: large; text-align: justify;\">- Lớp lót dạng lưới thoáng khí, mũi giày đầy đặn</span><br style=\"font-size: medium; background-color: rgb(244, 245, 248);\"><span style=\"background-color: rgb(244, 245, 248); font-size: large; text-align: justify;\">- Đế cao su chống trơn trượt hiệu quả</span><br style=\"font-size: medium; background-color: rgb(244, 245, 248);\"><span style=\"background-color: rgb(244, 245, 248); font-size: large; text-align: justify;\">- Hàng<font color=\"#ff0000\">&nbsp;100%</font>&nbsp;chính hãng thương hiệu Mỹ, sản xuất tại nước thứ 3 (Việt Nam, Trung Quốc, Ấn Độ,Campuchia…) tùy từng lô hàng</span>', 2),
(36, 'adidas yeezy', 'uploads/5d9df8902998c-yeezy9.jpg', 3600000, '<span style=\"background-color: rgb(244, 245, 248); font-size: large; text-align: justify;\">- Kiểu dáng trẻ trung, năng động</span><br style=\"font-size: medium; background-color: rgb(244, 245, 248);\"><span style=\"background-color: rgb(244, 245, 248); font-size: large; text-align: justify;\">- Lớp lót dạng lưới thoáng khí, mũi giày đầy đặn</span><br style=\"font-size: medium; background-color: rgb(244, 245, 248);\"><span style=\"background-color: rgb(244, 245, 248); font-size: large; text-align: justify;\">- Đế cao su chống trơn trượt hiệu quả</span><br style=\"font-size: medium; background-color: rgb(244, 245, 248);\"><span style=\"background-color: rgb(244, 245, 248); font-size: large; text-align: justify;\">- Hàng<font color=\"#ff0000\">&nbsp;100%</font>&nbsp;chính hãng thương hiệu Mỹ, sản xuất tại nước thứ 3 (Việt Nam, Trung Quốc, Ấn Độ,Campuchia…) tùy từng lô hàng</span>', 2),
(37, 'adidas stansmith', 'uploads/5d9df8ee2560e-stans2.jpg', 4450000, '<span style=\"background-color: rgb(244, 245, 248); font-size: large; text-align: justify;\">- Kiểu dáng trẻ trung, năng động</span><br style=\"font-size: medium; background-color: rgb(244, 245, 248);\"><span style=\"background-color: rgb(244, 245, 248); font-size: large; text-align: justify;\">- Lớp lót dạng lưới thoáng khí, mũi giày đầy đặn</span><br style=\"font-size: medium; background-color: rgb(244, 245, 248);\"><span style=\"background-color: rgb(244, 245, 248); font-size: large; text-align: justify;\">- Đế cao su chống trơn trượt hiệu quả</span><br style=\"font-size: medium; background-color: rgb(244, 245, 248);\"><span style=\"background-color: rgb(244, 245, 248); font-size: large; text-align: justify;\">- Hàng<font color=\"#ff0000\">&nbsp;100%</font>&nbsp;chính hãng thương hiệu Mỹ, sản xuất tại nước thứ 3 (Việt Nam, Trung Quốc, Ấn Độ,Campuchia…) tùy từng lô hàng</span>', 3),
(38, 'adidas stansmith', 'uploads/5d9df90712903-stans3.jpg', 4530000, '<span style=\"background-color: rgb(244, 245, 248); font-size: large; text-align: justify;\">- Kiểu dáng trẻ trung, năng động</span><br style=\"font-size: medium; background-color: rgb(244, 245, 248);\"><span style=\"background-color: rgb(244, 245, 248); font-size: large; text-align: justify;\">- Lớp lót dạng lưới thoáng khí, mũi giày đầy đặn</span><br style=\"font-size: medium; background-color: rgb(244, 245, 248);\"><span style=\"background-color: rgb(244, 245, 248); font-size: large; text-align: justify;\">- Đế cao su chống trơn trượt hiệu quả</span><br style=\"font-size: medium; background-color: rgb(244, 245, 248);\"><span style=\"background-color: rgb(244, 245, 248); font-size: large; text-align: justify;\">- Hàng<font color=\"#ff0000\">&nbsp;100%</font>&nbsp;chính hãng thương hiệu Mỹ, sản xuất tại nước thứ 3 (Việt Nam, Trung Quốc, Ấn Độ,Campuchia…) tùy từng lô hàng</span>', 3),
(39, 'adidas stansmith', 'uploads/5d9df929754b6-stans4.jpg', 2600000, '<span style=\"background-color: rgb(244, 245, 248); font-size: large; text-align: justify;\">- Kiểu dáng trẻ trung, năng động</span><br style=\"font-size: medium; background-color: rgb(244, 245, 248);\"><span style=\"background-color: rgb(244, 245, 248); font-size: large; text-align: justify;\">- Lớp lót dạng lưới thoáng khí, mũi giày đầy đặn</span><br style=\"font-size: medium; background-color: rgb(244, 245, 248);\"><span style=\"background-color: rgb(244, 245, 248); font-size: large; text-align: justify;\">- Đế cao su chống trơn trượt hiệu quả</span><br style=\"font-size: medium; background-color: rgb(244, 245, 248);\"><span style=\"background-color: rgb(244, 245, 248); font-size: large; text-align: justify;\">- Hàng<font color=\"#ff0000\">&nbsp;100%</font>&nbsp;chính hãng thương hiệu Mỹ, sản xuất tại nước thứ 3 (Việt Nam, Trung Quốc, Ấn Độ,Campuchia…) tùy từng lô hàng</span>', 3),
(40, 'adidas stansmith', 'uploads/5d9df9449f805-stans5.jpg', 1200000, '<span style=\"background-color: rgb(244, 245, 248); font-size: large; text-align: justify;\">- Kiểu dáng trẻ trung, năng động</span><br style=\"font-size: medium; background-color: rgb(244, 245, 248);\"><span style=\"background-color: rgb(244, 245, 248); font-size: large; text-align: justify;\">- Lớp lót dạng lưới thoáng khí, mũi giày đầy đặn</span><br style=\"font-size: medium; background-color: rgb(244, 245, 248);\"><span style=\"background-color: rgb(244, 245, 248); font-size: large; text-align: justify;\">- Đế cao su chống trơn trượt hiệu quả</span><br style=\"font-size: medium; background-color: rgb(244, 245, 248);\"><span style=\"background-color: rgb(244, 245, 248); font-size: large; text-align: justify;\">- Hàng<font color=\"#ff0000\">&nbsp;100%</font>&nbsp;chính hãng thương hiệu Mỹ, sản xuất tại nước thứ 3 (Việt Nam, Trung Quốc, Ấn Độ,Campuchia…) tùy từng lô hàng</span>', 3),
(41, 'adidas stansmith', 'uploads/5d9df95f4edf4-stans6.jpg', 6000000, '<span style=\"background-color: rgb(244, 245, 248); font-size: large; text-align: justify;\">- Kiểu dáng trẻ trung, năng động</span><br style=\"font-size: medium; background-color: rgb(244, 245, 248);\"><span style=\"background-color: rgb(244, 245, 248); font-size: large; text-align: justify;\">- Lớp lót dạng lưới thoáng khí, mũi giày đầy đặn</span><br style=\"font-size: medium; background-color: rgb(244, 245, 248);\"><span style=\"background-color: rgb(244, 245, 248); font-size: large; text-align: justify;\">- Đế cao su chống trơn trượt hiệu quả</span><br style=\"font-size: medium; background-color: rgb(244, 245, 248);\"><span style=\"background-color: rgb(244, 245, 248); font-size: large; text-align: justify;\">- Hàng<font color=\"#ff0000\">&nbsp;100%</font>&nbsp;chính hãng thương hiệu Mỹ, sản xuất tại nước thứ 3 (Việt Nam, Trung Quốc, Ấn Độ,Campuchia…) tùy từng lô hàng</span>', 3),
(42, 'adidas stansmith', 'uploads/5d9df97715050-stans7.jpg', 3200000, '<span style=\"background-color: rgb(244, 245, 248); font-size: large; text-align: justify;\">- Kiểu dáng trẻ trung, năng động</span><br style=\"font-size: medium; background-color: rgb(244, 245, 248);\"><span style=\"background-color: rgb(244, 245, 248); font-size: large; text-align: justify;\">- Lớp lót dạng lưới thoáng khí, mũi giày đầy đặn</span><br style=\"font-size: medium; background-color: rgb(244, 245, 248);\"><span style=\"background-color: rgb(244, 245, 248); font-size: large; text-align: justify;\">- Đế cao su chống trơn trượt hiệu quả</span><br style=\"font-size: medium; background-color: rgb(244, 245, 248);\"><span style=\"background-color: rgb(244, 245, 248); font-size: large; text-align: justify;\">- Hàng<font color=\"#ff0000\">&nbsp;100%</font>&nbsp;chính hãng thương hiệu Mỹ, sản xuất tại nước thứ 3 (Việt Nam, Trung Quốc, Ấn Độ,Campuchia…) tùy từng lô hàng</span>', 3),
(43, 'adidas stansmith', 'uploads/5d9df99492953-stans8.jpg', 2600000, '<span style=\"background-color: rgb(244, 245, 248); font-size: large; text-align: justify;\">- Kiểu dáng trẻ trung, năng động</span><br style=\"font-size: medium; background-color: rgb(244, 245, 248);\"><span style=\"background-color: rgb(244, 245, 248); font-size: large; text-align: justify;\">- Lớp lót dạng lưới thoáng khí, mũi giày đầy đặn</span><br style=\"font-size: medium; background-color: rgb(244, 245, 248);\"><span style=\"background-color: rgb(244, 245, 248); font-size: large; text-align: justify;\">- Đế cao su chống trơn trượt hiệu quả</span><br style=\"font-size: medium; background-color: rgb(244, 245, 248);\"><span style=\"background-color: rgb(244, 245, 248); font-size: large; text-align: justify;\">- Hàng<font color=\"#ff0000\">&nbsp;100%</font>&nbsp;chính hãng thương hiệu Mỹ, sản xuất tại nước thứ 3 (Việt Nam, Trung Quốc, Ấn Độ,Campuchia…) tùy từng lô hàng</span>', 3),
(44, 'adidas stansmith', 'uploads/5d9df9b6d758c-stans9.jpg', 4500000, '<span style=\"background-color: rgb(244, 245, 248); font-size: large; text-align: justify;\">- Kiểu dáng trẻ trung, năng động</span><br style=\"font-size: medium; background-color: rgb(244, 245, 248);\"><span style=\"background-color: rgb(244, 245, 248); font-size: large; text-align: justify;\">- Lớp lót dạng lưới thoáng khí, mũi giày đầy đặn</span><br style=\"font-size: medium; background-color: rgb(244, 245, 248);\"><span style=\"background-color: rgb(244, 245, 248); font-size: large; text-align: justify;\">- Đế cao su chống trơn trượt hiệu quả</span><br style=\"font-size: medium; background-color: rgb(244, 245, 248);\"><span style=\"background-color: rgb(244, 245, 248); font-size: large; text-align: justify;\">- Hàng<font color=\"#ff0000\">&nbsp;100%</font>&nbsp;chính hãng thương hiệu Mỹ, sản xuất tại nước thứ 3 (Việt Nam, Trung Quốc, Ấn Độ,Campuchia…) tùy từng lô hàng</span>', 3),
(45, 'adidas nmd', 'uploads/5d9dfa085a8e9-nmd2.jpg', 2600000, '<span style=\"background-color: rgb(244, 245, 248); font-size: large; text-align: justify;\">- Kiểu dáng trẻ trung, năng động</span><br style=\"font-size: medium; background-color: rgb(244, 245, 248);\"><span style=\"background-color: rgb(244, 245, 248); font-size: large; text-align: justify;\">- Lớp lót dạng lưới thoáng khí, mũi giày đầy đặn</span><br style=\"font-size: medium; background-color: rgb(244, 245, 248);\"><span style=\"background-color: rgb(244, 245, 248); font-size: large; text-align: justify;\">- Đế cao su chống trơn trượt hiệu quả</span><br style=\"font-size: medium; background-color: rgb(244, 245, 248);\"><span style=\"background-color: rgb(244, 245, 248); font-size: large; text-align: justify;\">- Hàng<font color=\"#ff0000\">&nbsp;100%</font>&nbsp;chính hãng thương hiệu Mỹ, sản xuất tại nước thứ 3 (Việt Nam, Trung Quốc, Ấn Độ,Campuchia…) tùy từng lô hàng</span>', 4),
(46, 'adidas nmd', 'uploads/5d9dfa1e84230-nmd3.jpg', 7000000, '<span style=\"background-color: rgb(244, 245, 248); font-size: large; text-align: justify;\">- Kiểu dáng trẻ trung, năng động</span><br style=\"font-size: medium; background-color: rgb(244, 245, 248);\"><span style=\"background-color: rgb(244, 245, 248); font-size: large; text-align: justify;\">- Lớp lót dạng lưới thoáng khí, mũi giày đầy đặn</span><br style=\"font-size: medium; background-color: rgb(244, 245, 248);\"><span style=\"background-color: rgb(244, 245, 248); font-size: large; text-align: justify;\">- Đế cao su chống trơn trượt hiệu quả</span><br style=\"font-size: medium; background-color: rgb(244, 245, 248);\"><span style=\"background-color: rgb(244, 245, 248); font-size: large; text-align: justify;\">- Hàng<font color=\"#ff0000\">&nbsp;100%</font>&nbsp;chính hãng thương hiệu Mỹ, sản xuất tại nước thứ 3 (Việt Nam, Trung Quốc, Ấn Độ,Campuchia…) tùy từng lô hàng</span>', 4),
(47, 'adidas nmd', 'uploads/5d9dfa34cd1bb-nmd4.jpg', 2000000, '<span style=\"background-color: rgb(244, 245, 248); font-size: large; text-align: justify;\">- Kiểu dáng trẻ trung, năng động</span><br style=\"font-size: medium; background-color: rgb(244, 245, 248);\"><span style=\"background-color: rgb(244, 245, 248); font-size: large; text-align: justify;\">- Lớp lót dạng lưới thoáng khí, mũi giày đầy đặn</span><br style=\"font-size: medium; background-color: rgb(244, 245, 248);\"><span style=\"background-color: rgb(244, 245, 248); font-size: large; text-align: justify;\">- Đế cao su chống trơn trượt hiệu quả</span><br style=\"font-size: medium; background-color: rgb(244, 245, 248);\"><span style=\"background-color: rgb(244, 245, 248); font-size: large; text-align: justify;\">- Hàng<font color=\"#ff0000\">&nbsp;100%</font>&nbsp;chính hãng thương hiệu Mỹ, sản xuất tại nước thứ 3 (Việt Nam, Trung Quốc, Ấn Độ,Campuchia…) tùy từng lô hàng</span>', 4),
(48, 'adidas nmd', 'uploads/5d9dfa48550bb-nmd5.jpg', 4500000, '<span style=\"background-color: rgb(244, 245, 248); font-size: large; text-align: justify;\">- Kiểu dáng trẻ trung, năng động</span><br style=\"font-size: medium; background-color: rgb(244, 245, 248);\"><span style=\"background-color: rgb(244, 245, 248); font-size: large; text-align: justify;\">- Lớp lót dạng lưới thoáng khí, mũi giày đầy đặn</span><br style=\"font-size: medium; background-color: rgb(244, 245, 248);\"><span style=\"background-color: rgb(244, 245, 248); font-size: large; text-align: justify;\">- Đế cao su chống trơn trượt hiệu quả</span><br style=\"font-size: medium; background-color: rgb(244, 245, 248);\"><span style=\"background-color: rgb(244, 245, 248); font-size: large; text-align: justify;\">- Hàng<font color=\"#ff0000\">&nbsp;100%</font>&nbsp;chính hãng thương hiệu Mỹ, sản xuất tại nước thứ 3 (Việt Nam, Trung Quốc, Ấn Độ,Campuchia…) tùy từng lô hàng</span>', 4),
(49, 'adidas nmd', 'uploads/5d9dfa5f93b1b-nmd6.jpg', 3600000, '<span style=\"background-color: rgb(244, 245, 248); font-size: large; text-align: justify;\">- Kiểu dáng trẻ trung, năng động</span><br style=\"font-size: medium; background-color: rgb(244, 245, 248);\"><span style=\"background-color: rgb(244, 245, 248); font-size: large; text-align: justify;\">- Lớp lót dạng lưới thoáng khí, mũi giày đầy đặn</span><br style=\"font-size: medium; background-color: rgb(244, 245, 248);\"><span style=\"background-color: rgb(244, 245, 248); font-size: large; text-align: justify;\">- Đế cao su chống trơn trượt hiệu quả</span><br style=\"font-size: medium; background-color: rgb(244, 245, 248);\"><span style=\"background-color: rgb(244, 245, 248); font-size: large; text-align: justify;\">- Hàng<font color=\"#ff0000\">&nbsp;100%</font>&nbsp;chính hãng thương hiệu Mỹ, sản xuất tại nước thứ 3 (Việt Nam, Trung Quốc, Ấn Độ,Campuchia…) tùy từng lô hàng</span>', 4),
(50, 'adidas nmd', 'uploads/5d9dfa76ae0d3-nmd7.jpg', 6300000, '<span style=\"background-color: rgb(244, 245, 248); font-size: large; text-align: justify;\">- Kiểu dáng trẻ trung, năng động</span><br style=\"font-size: medium; background-color: rgb(244, 245, 248);\"><span style=\"background-color: rgb(244, 245, 248); font-size: large; text-align: justify;\">- Lớp lót dạng lưới thoáng khí, mũi giày đầy đặn</span><br style=\"font-size: medium; background-color: rgb(244, 245, 248);\"><span style=\"background-color: rgb(244, 245, 248); font-size: large; text-align: justify;\">- Đế cao su chống trơn trượt hiệu quả</span><br style=\"font-size: medium; background-color: rgb(244, 245, 248);\"><span style=\"background-color: rgb(244, 245, 248); font-size: large; text-align: justify;\">- Hàng<font color=\"#ff0000\">&nbsp;100%</font>&nbsp;chính hãng thương hiệu Mỹ, sản xuất tại nước thứ 3 (Việt Nam, Trung Quốc, Ấn Độ,Campuchia…) tùy từng lô hàng</span>', 4),
(51, 'adidas nmd', 'uploads/5d9dfa8c028be-nmd8.jpg', 2100000, '<span style=\"background-color: rgb(244, 245, 248); font-size: large; text-align: justify;\">- Kiểu dáng trẻ trung, năng động</span><br style=\"font-size: medium; background-color: rgb(244, 245, 248);\"><span style=\"background-color: rgb(244, 245, 248); font-size: large; text-align: justify;\">- Lớp lót dạng lưới thoáng khí, mũi giày đầy đặn</span><br style=\"font-size: medium; background-color: rgb(244, 245, 248);\"><span style=\"background-color: rgb(244, 245, 248); font-size: large; text-align: justify;\">- Đế cao su chống trơn trượt hiệu quả</span><br style=\"font-size: medium; background-color: rgb(244, 245, 248);\"><span style=\"background-color: rgb(244, 245, 248); font-size: large; text-align: justify;\">- Hàng<font color=\"#ff0000\">&nbsp;100%</font>&nbsp;chính hãng thương hiệu Mỹ, sản xuất tại nước thứ 3 (Việt Nam, Trung Quốc, Ấn Độ,Campuchia…) tùy từng lô hàng</span>', 4),
(52, 'adidas nmd', 'uploads/5d9dfaad2476c-nmd9.jpg', 5600000, '<span style=\"background-color: rgb(244, 245, 248); font-size: large; text-align: justify;\">- Kiểu dáng trẻ trung, năng động</span><br style=\"font-size: medium; background-color: rgb(244, 245, 248);\"><span style=\"background-color: rgb(244, 245, 248); font-size: large; text-align: justify;\">- Lớp lót dạng lưới thoáng khí, mũi giày đầy đặn</span><br style=\"font-size: medium; background-color: rgb(244, 245, 248);\"><span style=\"background-color: rgb(244, 245, 248); font-size: large; text-align: justify;\">- Đế cao su chống trơn trượt hiệu quả</span><br style=\"font-size: medium; background-color: rgb(244, 245, 248);\"><span style=\"background-color: rgb(244, 245, 248); font-size: large; text-align: justify;\">- Hàng<font color=\"#ff0000\">&nbsp;100%</font>&nbsp;chính hãng thương hiệu Mỹ, sản xuất tại nước thứ 3 (Việt Nam, Trung Quốc, Ấn Độ,Campuchia…) tùy từng lô hàng</span>', 4),
(53, 'adidas tubular', 'uploads/5d9dfaf439abd-tubular2.jpg', 700000, '<span style=\"background-color: rgb(244, 245, 248); font-size: large; text-align: justify;\">- Kiểu dáng trẻ trung, năng động</span><br style=\"font-size: medium; background-color: rgb(244, 245, 248);\"><span style=\"background-color: rgb(244, 245, 248); font-size: large; text-align: justify;\">- Lớp lót dạng lưới thoáng khí, mũi giày đầy đặn</span><br style=\"font-size: medium; background-color: rgb(244, 245, 248);\"><span style=\"background-color: rgb(244, 245, 248); font-size: large; text-align: justify;\">- Đế cao su chống trơn trượt hiệu quả</span><br style=\"font-size: medium; background-color: rgb(244, 245, 248);\"><span style=\"background-color: rgb(244, 245, 248); font-size: large; text-align: justify;\">- Hàng<font color=\"#ff0000\">&nbsp;100%</font>&nbsp;chính hãng thương hiệu Mỹ, sản xuất tại nước thứ 3 (Việt Nam, Trung Quốc, Ấn Độ,Campuchia…) tùy từng lô hàng</span>', 5),
(54, 'adidas tubular', 'uploads/5d9dfb187f127-tubular3.jpg', 4500000, '<span style=\"background-color: rgb(244, 245, 248); font-size: large; text-align: justify;\">- Kiểu dáng trẻ trung, năng động</span><br style=\"font-size: medium; background-color: rgb(244, 245, 248);\"><span style=\"background-color: rgb(244, 245, 248); font-size: large; text-align: justify;\">- Lớp lót dạng lưới thoáng khí, mũi giày đầy đặn</span><br style=\"font-size: medium; background-color: rgb(244, 245, 248);\"><span style=\"background-color: rgb(244, 245, 248); font-size: large; text-align: justify;\">- Đế cao su chống trơn trượt hiệu quả</span><br style=\"font-size: medium; background-color: rgb(244, 245, 248);\"><span style=\"background-color: rgb(244, 245, 248); font-size: large; text-align: justify;\">- Hàng<font color=\"#ff0000\">&nbsp;100%</font>&nbsp;chính hãng thương hiệu Mỹ, sản xuất tại nước thứ 3 (Việt Nam, Trung Quốc, Ấn Độ,Campuchia…) tùy từng lô hàng</span>', 5),
(55, 'adidas tubular', 'uploads/5d9dfb3a47928-tubular4.jpg', 3600000, '<span style=\"background-color: rgb(244, 245, 248); font-size: large; text-align: justify;\">- Kiểu dáng trẻ trung, năng động</span><br style=\"font-size: medium; background-color: rgb(244, 245, 248);\"><span style=\"background-color: rgb(244, 245, 248); font-size: large; text-align: justify;\">- Lớp lót dạng lưới thoáng khí, mũi giày đầy đặn</span><br style=\"font-size: medium; background-color: rgb(244, 245, 248);\"><span style=\"background-color: rgb(244, 245, 248); font-size: large; text-align: justify;\">- Đế cao su chống trơn trượt hiệu quả</span><br style=\"font-size: medium; background-color: rgb(244, 245, 248);\"><span style=\"background-color: rgb(244, 245, 248); font-size: large; text-align: justify;\">- Hàng<font color=\"#ff0000\">&nbsp;100%</font>&nbsp;chính hãng thương hiệu Mỹ, sản xuất tại nước thứ 3 (Việt Nam, Trung Quốc, Ấn Độ,Campuchia…) tùy từng lô hàng</span>', 5),
(56, 'adidas tubular', 'uploads/5d9dfb6e2242c-tubular5.jpg', 2000000, '<span style=\"background-color: rgb(244, 245, 248); font-size: large; text-align: justify;\">- Kiểu dáng trẻ trung, năng động</span><br style=\"font-size: medium; background-color: rgb(244, 245, 248);\"><span style=\"background-color: rgb(244, 245, 248); font-size: large; text-align: justify;\">- Lớp lót dạng lưới thoáng khí, mũi giày đầy đặn</span><br style=\"font-size: medium; background-color: rgb(244, 245, 248);\"><span style=\"background-color: rgb(244, 245, 248); font-size: large; text-align: justify;\">- Đế cao su chống trơn trượt hiệu quả</span><br style=\"font-size: medium; background-color: rgb(244, 245, 248);\"><span style=\"background-color: rgb(244, 245, 248); font-size: large; text-align: justify;\">- Hàng<font color=\"#ff0000\">&nbsp;100%</font>&nbsp;chính hãng thương hiệu Mỹ, sản xuất tại nước thứ 3 (Việt Nam, Trung Quốc, Ấn Độ,Campuchia…) tùy từng lô hàng</span>', 5),
(57, 'adidas tubular', 'uploads/5d9dfb82d2e2c-tubular6.jpg', 2300000, '<span style=\"background-color: rgb(244, 245, 248); font-size: large; text-align: justify;\">- Kiểu dáng trẻ trung, năng động</span><br style=\"font-size: medium; background-color: rgb(244, 245, 248);\"><span style=\"background-color: rgb(244, 245, 248); font-size: large; text-align: justify;\">- Lớp lót dạng lưới thoáng khí, mũi giày đầy đặn</span><br style=\"font-size: medium; background-color: rgb(244, 245, 248);\"><span style=\"background-color: rgb(244, 245, 248); font-size: large; text-align: justify;\">- Đế cao su chống trơn trượt hiệu quả</span><br style=\"font-size: medium; background-color: rgb(244, 245, 248);\"><span style=\"background-color: rgb(244, 245, 248); font-size: large; text-align: justify;\">- Hàng<font color=\"#ff0000\">&nbsp;100%</font>&nbsp;chính hãng thương hiệu Mỹ, sản xuất tại nước thứ 3 (Việt Nam, Trung Quốc, Ấn Độ,Campuchia…) tùy từng lô hàng</span>', 5),
(58, 'adidas tubular', 'uploads/5d9dfb9a9a894-tubular7.jpeg', 1230000, '<span style=\"background-color: rgb(244, 245, 248); font-size: large; text-align: justify;\">- Kiểu dáng trẻ trung, năng động</span><br style=\"font-size: medium; background-color: rgb(244, 245, 248);\"><span style=\"background-color: rgb(244, 245, 248); font-size: large; text-align: justify;\">- Lớp lót dạng lưới thoáng khí, mũi giày đầy đặn</span><br style=\"font-size: medium; background-color: rgb(244, 245, 248);\"><span style=\"background-color: rgb(244, 245, 248); font-size: large; text-align: justify;\">- Đế cao su chống trơn trượt hiệu quả</span><br style=\"font-size: medium; background-color: rgb(244, 245, 248);\"><span style=\"background-color: rgb(244, 245, 248); font-size: large; text-align: justify;\">- Hàng<font color=\"#ff0000\">&nbsp;100%</font>&nbsp;chính hãng thương hiệu Mỹ, sản xuất tại nước thứ 3 (Việt Nam, Trung Quốc, Ấn Độ,Campuchia…) tùy từng lô hàng</span>', 5),
(59, 'adidas tubular', 'uploads/5d9dfbacd1d88-tubular8.jpg', 6300000, '<span style=\"background-color: rgb(244, 245, 248); font-size: large; text-align: justify;\">- Kiểu dáng trẻ trung, năng động</span><br style=\"font-size: medium; background-color: rgb(244, 245, 248);\"><span style=\"background-color: rgb(244, 245, 248); font-size: large; text-align: justify;\">- Lớp lót dạng lưới thoáng khí, mũi giày đầy đặn</span><br style=\"font-size: medium; background-color: rgb(244, 245, 248);\"><span style=\"background-color: rgb(244, 245, 248); font-size: large; text-align: justify;\">- Đế cao su chống trơn trượt hiệu quả</span><br style=\"font-size: medium; background-color: rgb(244, 245, 248);\"><span style=\"background-color: rgb(244, 245, 248); font-size: large; text-align: justify;\">- Hàng<font color=\"#ff0000\">&nbsp;100%</font>&nbsp;chính hãng thương hiệu Mỹ, sản xuất tại nước thứ 3 (Việt Nam, Trung Quốc, Ấn Độ,Campuchia…) tùy từng lô hàng</span>', 5),
(60, 'adidas tubular', 'uploads/5d9dfbca18831-tubular9.jpg', 3400000, '<span style=\"background-color: rgb(244, 245, 248); font-size: large; text-align: justify;\">- Kiểu dáng trẻ trung, năng động</span><br style=\"font-size: medium; background-color: rgb(244, 245, 248);\"><span style=\"background-color: rgb(244, 245, 248); font-size: large; text-align: justify;\">- Lớp lót dạng lưới thoáng khí, mũi giày đầy đặn</span><br style=\"font-size: medium; background-color: rgb(244, 245, 248);\"><span style=\"background-color: rgb(244, 245, 248); font-size: large; text-align: justify;\">- Đế cao su chống trơn trượt hiệu quả</span><br style=\"font-size: medium; background-color: rgb(244, 245, 248);\"><span style=\"background-color: rgb(244, 245, 248); font-size: large; text-align: justify;\">- Hàng<font color=\"#ff0000\">&nbsp;100%</font>&nbsp;chính hãng thương hiệu Mỹ, sản xuất tại nước thứ 3 (Việt Nam, Trung Quốc, Ấn Độ,Campuchia…) tùy từng lô hàng</span>', 5),
(61, 'adidas alphabounce', 'uploads/5d9dfc0a14550-alpha2.jpg', 4500000, '<span style=\"background-color: rgb(244, 245, 248); font-size: large; text-align: justify;\">- Kiểu dáng trẻ trung, năng động</span><br style=\"font-size: medium; background-color: rgb(244, 245, 248);\"><span style=\"background-color: rgb(244, 245, 248); font-size: large; text-align: justify;\">- Lớp lót dạng lưới thoáng khí, mũi giày đầy đặn</span><br style=\"font-size: medium; background-color: rgb(244, 245, 248);\"><span style=\"background-color: rgb(244, 245, 248); font-size: large; text-align: justify;\">- Đế cao su chống trơn trượt hiệu quả</span><br style=\"font-size: medium; background-color: rgb(244, 245, 248);\"><span style=\"background-color: rgb(244, 245, 248); font-size: large; text-align: justify;\">- Hàng<font color=\"#ff0000\">&nbsp;100%</font>&nbsp;chính hãng thương hiệu Mỹ, sản xuất tại nước thứ 3 (Việt Nam, Trung Quốc, Ấn Độ,Campuchia…) tùy từng lô hàng</span>', 6),
(62, 'adidas alphabounce', 'uploads/5d9dfc241500b-alpha3.jpg', 2000000, '<span style=\"background-color: rgb(244, 245, 248); font-size: large; text-align: justify;\">- Kiểu dáng trẻ trung, năng động</span><br style=\"font-size: medium; background-color: rgb(244, 245, 248);\"><span style=\"background-color: rgb(244, 245, 248); font-size: large; text-align: justify;\">- Lớp lót dạng lưới thoáng khí, mũi giày đầy đặn</span><br style=\"font-size: medium; background-color: rgb(244, 245, 248);\"><span style=\"background-color: rgb(244, 245, 248); font-size: large; text-align: justify;\">- Đế cao su chống trơn trượt hiệu quả</span><br style=\"font-size: medium; background-color: rgb(244, 245, 248);\"><span style=\"background-color: rgb(244, 245, 248); font-size: large; text-align: justify;\">- Hàng<font color=\"#ff0000\">&nbsp;100%</font>&nbsp;chính hãng thương hiệu Mỹ, sản xuất tại nước thứ 3 (Việt Nam, Trung Quốc, Ấn Độ,Campuchia…) tùy từng lô hàng</span>', 6),
(63, 'adidas alphabounce', 'uploads/5d9dfc40e3ded-alpha4.jpg', 3400000, '<span style=\"background-color: rgb(244, 245, 248); font-size: large; text-align: justify;\">- Kiểu dáng trẻ trung, năng động</span><br style=\"font-size: medium; background-color: rgb(244, 245, 248);\"><span style=\"background-color: rgb(244, 245, 248); font-size: large; text-align: justify;\">- Lớp lót dạng lưới thoáng khí, mũi giày đầy đặn</span><br style=\"font-size: medium; background-color: rgb(244, 245, 248);\"><span style=\"background-color: rgb(244, 245, 248); font-size: large; text-align: justify;\">- Đế cao su chống trơn trượt hiệu quả</span><br style=\"font-size: medium; background-color: rgb(244, 245, 248);\"><span style=\"background-color: rgb(244, 245, 248); font-size: large; text-align: justify;\">- Hàng<font color=\"#ff0000\">&nbsp;100%</font>&nbsp;chính hãng thương hiệu Mỹ, sản xuất tại nước thứ 3 (Việt Nam, Trung Quốc, Ấn Độ,Campuchia…) tùy từng lô hàng</span>', 6),
(64, 'adidas alphabounce', 'uploads/5d9dfc5c1395f-alpha5.jpg', 1300000, '<span style=\"background-color: rgb(244, 245, 248); font-size: large; text-align: justify;\">- Kiểu dáng trẻ trung, năng động</span><br style=\"font-size: medium; background-color: rgb(244, 245, 248);\"><span style=\"background-color: rgb(244, 245, 248); font-size: large; text-align: justify;\">- Lớp lót dạng lưới thoáng khí, mũi giày đầy đặn</span><br style=\"font-size: medium; background-color: rgb(244, 245, 248);\"><span style=\"background-color: rgb(244, 245, 248); font-size: large; text-align: justify;\">- Đế cao su chống trơn trượt hiệu quả</span><br style=\"font-size: medium; background-color: rgb(244, 245, 248);\"><span style=\"background-color: rgb(244, 245, 248); font-size: large; text-align: justify;\">- Hàng<font color=\"#ff0000\">&nbsp;100%</font>&nbsp;chính hãng thương hiệu Mỹ, sản xuất tại nước thứ 3 (Việt Nam, Trung Quốc, Ấn Độ,Campuchia…) tùy từng lô hàng</span>', 6),
(65, 'adidas alphabounce', 'uploads/5d9dfc7663c2e-alpha6.jpg', 4200000, '<span style=\"background-color: rgb(244, 245, 248); font-size: large; text-align: justify;\">- Kiểu dáng trẻ trung, năng động</span><br style=\"font-size: medium; background-color: rgb(244, 245, 248);\"><span style=\"background-color: rgb(244, 245, 248); font-size: large; text-align: justify;\">- Lớp lót dạng lưới thoáng khí, mũi giày đầy đặn</span><br style=\"font-size: medium; background-color: rgb(244, 245, 248);\"><span style=\"background-color: rgb(244, 245, 248); font-size: large; text-align: justify;\">- Đế cao su chống trơn trượt hiệu quả</span><br style=\"font-size: medium; background-color: rgb(244, 245, 248);\"><span style=\"background-color: rgb(244, 245, 248); font-size: large; text-align: justify;\">- Hàng<font color=\"#ff0000\">&nbsp;100%</font>&nbsp;chính hãng thương hiệu Mỹ, sản xuất tại nước thứ 3 (Việt Nam, Trung Quốc, Ấn Độ,Campuchia…) tùy từng lô hàng</span>', 6),
(66, 'adidas alphabounce', 'uploads/5d9dfc923ce27-alpha7.jpg', 1600000, '<span style=\"background-color: rgb(244, 245, 248); font-size: large; text-align: justify;\">- Kiểu dáng trẻ trung, năng động</span><br style=\"font-size: medium; background-color: rgb(244, 245, 248);\"><span style=\"background-color: rgb(244, 245, 248); font-size: large; text-align: justify;\">- Lớp lót dạng lưới thoáng khí, mũi giày đầy đặn</span><br style=\"font-size: medium; background-color: rgb(244, 245, 248);\"><span style=\"background-color: rgb(244, 245, 248); font-size: large; text-align: justify;\">- Đế cao su chống trơn trượt hiệu quả</span><br style=\"font-size: medium; background-color: rgb(244, 245, 248);\"><span style=\"background-color: rgb(244, 245, 248); font-size: large; text-align: justify;\">- Hàng<font color=\"#ff0000\">&nbsp;100%</font>&nbsp;chính hãng thương hiệu Mỹ, sản xuất tại nước thứ 3 (Việt Nam, Trung Quốc, Ấn Độ,Campuchia…) tùy từng lô hàng</span>', 6),
(67, 'adidas alphabounce', 'uploads/5d9dfca61eb37-alpha8.jpeg', 3600000, '<span style=\"background-color: rgb(244, 245, 248); font-size: large; text-align: justify;\">- Kiểu dáng trẻ trung, năng động</span><br style=\"font-size: medium; background-color: rgb(244, 245, 248);\"><span style=\"background-color: rgb(244, 245, 248); font-size: large; text-align: justify;\">- Lớp lót dạng lưới thoáng khí, mũi giày đầy đặn</span><br style=\"font-size: medium; background-color: rgb(244, 245, 248);\"><span style=\"background-color: rgb(244, 245, 248); font-size: large; text-align: justify;\">- Đế cao su chống trơn trượt hiệu quả</span><br style=\"font-size: medium; background-color: rgb(244, 245, 248);\"><span style=\"background-color: rgb(244, 245, 248); font-size: large; text-align: justify;\">- Hàng<font color=\"#ff0000\">&nbsp;100%</font>&nbsp;chính hãng thương hiệu Mỹ, sản xuất tại nước thứ 3 (Việt Nam, Trung Quốc, Ấn Độ,Campuchia…) tùy từng lô hàng</span>', 6);
INSERT INTO `product` (`id`, `name`, `image`, `price`, `detail`, `id_list`) VALUES
(68, 'adidas alphabounce', 'uploads/5d9dfcb9e3250-alpha9.jpg', 4100000, '<span style=\"background-color: rgb(244, 245, 248); font-size: large; text-align: justify;\">- Kiểu dáng trẻ trung, năng động</span><br style=\"font-size: medium; background-color: rgb(244, 245, 248);\"><span style=\"background-color: rgb(244, 245, 248); font-size: large; text-align: justify;\">- Lớp lót dạng lưới thoáng khí, mũi giày đầy đặn</span><br style=\"font-size: medium; background-color: rgb(244, 245, 248);\"><span style=\"background-color: rgb(244, 245, 248); font-size: large; text-align: justify;\">- Đế cao su chống trơn trượt hiệu quả</span><br style=\"font-size: medium; background-color: rgb(244, 245, 248);\"><span style=\"background-color: rgb(244, 245, 248); font-size: large; text-align: justify;\">- Hàng<font color=\"#ff0000\">&nbsp;100%</font>&nbsp;chính hãng thương hiệu Mỹ, sản xuất tại nước thứ 3 (Việt Nam, Trung Quốc, Ấn Độ,Campuchia…) tùy từng lô hàng</span>', 6),
(69, 'adidas eqt boost', 'uploads/5d9dfd0d865b5-eqt2.jpg', 2600000, '<span style=\"background-color: rgb(244, 245, 248); font-size: large; text-align: justify;\">- Kiểu dáng trẻ trung, năng động</span><br style=\"font-size: medium; background-color: rgb(244, 245, 248);\"><span style=\"background-color: rgb(244, 245, 248); font-size: large; text-align: justify;\">- Lớp lót dạng lưới thoáng khí, mũi giày đầy đặn</span><br style=\"font-size: medium; background-color: rgb(244, 245, 248);\"><span style=\"background-color: rgb(244, 245, 248); font-size: large; text-align: justify;\">- Đế cao su chống trơn trượt hiệu quả</span><br style=\"font-size: medium; background-color: rgb(244, 245, 248);\"><span style=\"background-color: rgb(244, 245, 248); font-size: large; text-align: justify;\">- Hàng<font color=\"#ff0000\">&nbsp;100%</font>&nbsp;chính hãng thương hiệu Mỹ, sản xuất tại nước thứ 3 (Việt Nam, Trung Quốc, Ấn Độ,Campuchia…) tùy từng lô hàng</span>', 7),
(70, 'adidas eqt boost', 'uploads/5d9dfd2a8303a-eqt3.png', 2500000, '<span style=\"background-color: rgb(244, 245, 248); font-size: large; text-align: justify;\">- Kiểu dáng trẻ trung, năng động</span><br style=\"font-size: medium; background-color: rgb(244, 245, 248);\"><span style=\"background-color: rgb(244, 245, 248); font-size: large; text-align: justify;\">- Lớp lót dạng lưới thoáng khí, mũi giày đầy đặn</span><br style=\"font-size: medium; background-color: rgb(244, 245, 248);\"><span style=\"background-color: rgb(244, 245, 248); font-size: large; text-align: justify;\">- Đế cao su chống trơn trượt hiệu quả</span><br style=\"font-size: medium; background-color: rgb(244, 245, 248);\"><span style=\"background-color: rgb(244, 245, 248); font-size: large; text-align: justify;\">- Hàng<font color=\"#ff0000\">&nbsp;100%</font>&nbsp;chính hãng thương hiệu Mỹ, sản xuất tại nước thứ 3 (Việt Nam, Trung Quốc, Ấn Độ,Campuchia…) tùy từng lô hàng</span>', 7),
(71, 'adidas eqt boost', 'uploads/5d9dfd446884b-eqt4.png', 1600000, '<span style=\"background-color: rgb(244, 245, 248); font-size: large; text-align: justify;\">- Kiểu dáng trẻ trung, năng động</span><br style=\"font-size: medium; background-color: rgb(244, 245, 248);\"><span style=\"background-color: rgb(244, 245, 248); font-size: large; text-align: justify;\">- Lớp lót dạng lưới thoáng khí, mũi giày đầy đặn</span><br style=\"font-size: medium; background-color: rgb(244, 245, 248);\"><span style=\"background-color: rgb(244, 245, 248); font-size: large; text-align: justify;\">- Đế cao su chống trơn trượt hiệu quả</span><br style=\"font-size: medium; background-color: rgb(244, 245, 248);\"><span style=\"background-color: rgb(244, 245, 248); font-size: large; text-align: justify;\">- Hàng<font color=\"#ff0000\">&nbsp;100%</font>&nbsp;chính hãng thương hiệu Mỹ, sản xuất tại nước thứ 3 (Việt Nam, Trung Quốc, Ấn Độ,Campuchia…) tùy từng lô hàng</span>', 7),
(72, 'adidas eqt boost', 'uploads/5d9dfd645b04f-eqt5.png', 4200000, '<span style=\"background-color: rgb(244, 245, 248); font-size: large; text-align: justify;\">- Kiểu dáng trẻ trung, năng động</span><br style=\"font-size: medium; background-color: rgb(244, 245, 248);\"><span style=\"background-color: rgb(244, 245, 248); font-size: large; text-align: justify;\">- Lớp lót dạng lưới thoáng khí, mũi giày đầy đặn</span><br style=\"font-size: medium; background-color: rgb(244, 245, 248);\"><span style=\"background-color: rgb(244, 245, 248); font-size: large; text-align: justify;\">- Đế cao su chống trơn trượt hiệu quả</span><br style=\"font-size: medium; background-color: rgb(244, 245, 248);\"><span style=\"background-color: rgb(244, 245, 248); font-size: large; text-align: justify;\">- Hàng<font color=\"#ff0000\">&nbsp;100%</font>&nbsp;chính hãng thương hiệu Mỹ, sản xuất tại nước thứ 3 (Việt Nam, Trung Quốc, Ấn Độ,Campuchia…) tùy từng lô hàng</span>', 7),
(73, 'adidas eqt boost', 'uploads/5d9dfd7c88b11-eqt6.jpg', 5100000, '<span style=\"background-color: rgb(244, 245, 248); font-size: large; text-align: justify;\">- Kiểu dáng trẻ trung, năng động</span><br style=\"font-size: medium; background-color: rgb(244, 245, 248);\"><span style=\"background-color: rgb(244, 245, 248); font-size: large; text-align: justify;\">- Lớp lót dạng lưới thoáng khí, mũi giày đầy đặn</span><br style=\"font-size: medium; background-color: rgb(244, 245, 248);\"><span style=\"background-color: rgb(244, 245, 248); font-size: large; text-align: justify;\">- Đế cao su chống trơn trượt hiệu quả</span><br style=\"font-size: medium; background-color: rgb(244, 245, 248);\"><span style=\"background-color: rgb(244, 245, 248); font-size: large; text-align: justify;\">- Hàng<font color=\"#ff0000\">&nbsp;100%</font>&nbsp;chính hãng thương hiệu Mỹ, sản xuất tại nước thứ 3 (Việt Nam, Trung Quốc, Ấn Độ,Campuchia…) tùy từng lô hàng</span>', 7),
(74, 'adidas eqt boost', 'uploads/5d9dfda2c02da-eqt7.jpg', 3600000, '<span style=\"background-color: rgb(244, 245, 248); font-size: large; text-align: justify;\">- Kiểu dáng trẻ trung, năng động</span><br style=\"font-size: medium; background-color: rgb(244, 245, 248);\"><span style=\"background-color: rgb(244, 245, 248); font-size: large; text-align: justify;\">- Lớp lót dạng lưới thoáng khí, mũi giày đầy đặn</span><br style=\"font-size: medium; background-color: rgb(244, 245, 248);\"><span style=\"background-color: rgb(244, 245, 248); font-size: large; text-align: justify;\">- Đế cao su chống trơn trượt hiệu quả</span><br style=\"font-size: medium; background-color: rgb(244, 245, 248);\"><span style=\"background-color: rgb(244, 245, 248); font-size: large; text-align: justify;\">- Hàng<font color=\"#ff0000\">&nbsp;100%</font>&nbsp;chính hãng thương hiệu Mỹ, sản xuất tại nước thứ 3 (Việt Nam, Trung Quốc, Ấn Độ,Campuchia…) tùy từng lô hàng</span>', 7),
(75, 'adidas eqt boost', 'uploads/5d9dfdbf528d7-eqt8.png', 2500000, '<span style=\"background-color: rgb(244, 245, 248); font-size: large; text-align: justify;\">- Kiểu dáng trẻ trung, năng động</span><br style=\"font-size: medium; background-color: rgb(244, 245, 248);\"><span style=\"background-color: rgb(244, 245, 248); font-size: large; text-align: justify;\">- Lớp lót dạng lưới thoáng khí, mũi giày đầy đặn</span><br style=\"font-size: medium; background-color: rgb(244, 245, 248);\"><span style=\"background-color: rgb(244, 245, 248); font-size: large; text-align: justify;\">- Đế cao su chống trơn trượt hiệu quả</span><br style=\"font-size: medium; background-color: rgb(244, 245, 248);\"><span style=\"background-color: rgb(244, 245, 248); font-size: large; text-align: justify;\">- Hàng<font color=\"#ff0000\">&nbsp;100%</font>&nbsp;chính hãng thương hiệu Mỹ, sản xuất tại nước thứ 3 (Việt Nam, Trung Quốc, Ấn Độ,Campuchia…) tùy từng lô hàng</span>', 7),
(76, 'adidas eqt boost', 'uploads/5d9dfdd9c727a-eqt9.png', 4500000, '<span style=\"background-color: rgb(244, 245, 248); font-size: large; text-align: justify;\">- Kiểu dáng trẻ trung, năng động</span><br style=\"font-size: medium; background-color: rgb(244, 245, 248);\"><span style=\"background-color: rgb(244, 245, 248); font-size: large; text-align: justify;\">- Lớp lót dạng lưới thoáng khí, mũi giày đầy đặn</span><br style=\"font-size: medium; background-color: rgb(244, 245, 248);\"><span style=\"background-color: rgb(244, 245, 248); font-size: large; text-align: justify;\">- Đế cao su chống trơn trượt hiệu quả</span><br style=\"font-size: medium; background-color: rgb(244, 245, 248);\"><span style=\"background-color: rgb(244, 245, 248); font-size: large; text-align: justify;\">- Hàng<font color=\"#ff0000\">&nbsp;100%</font>&nbsp;chính hãng thương hiệu Mỹ, sản xuất tại nước thứ 3 (Việt Nam, Trung Quốc, Ấn Độ,Campuchia…) tùy từng lô hàng</span>', 7);

-- --------------------------------------------------------

--
-- Table structure for table `setting`
--

CREATE TABLE `setting` (
  `id` int(11) NOT NULL,
  `logo` varchar(255) COLLATE utf8mb4_unicode_ci NOT NULL,
  `phone_number` int(11) NOT NULL,
  `email` varchar(255) COLLATE utf8mb4_unicode_ci NOT NULL
) ENGINE=InnoDB DEFAULT CHARSET=utf8mb4 COLLATE=utf8mb4_unicode_ci;

-- --------------------------------------------------------

--
-- Table structure for table `slide`
--

CREATE TABLE `slide` (
  `id` int(11) NOT NULL,
  `image` varchar(255) COLLATE utf8mb4_unicode_ci NOT NULL,
  `title` varchar(255) COLLATE utf8mb4_unicode_ci NOT NULL,
  `link` varchar(255) COLLATE utf8mb4_unicode_ci NOT NULL,
  `status` varchar(255) COLLATE utf8mb4_unicode_ci NOT NULL
) ENGINE=InnoDB DEFAULT CHARSET=utf8mb4 COLLATE=utf8mb4_unicode_ci;

--
-- Dumping data for table `slide`
--

INSERT INTO `slide` (`id`, `image`, `title`, `link`, `status`) VALUES
(2, 'uploads/5d9ab6d2c58e1-slide1.jpg', 'image 1', '', ''),
(3, 'uploads/5d9725ae6ad44-slide2.jpg', 'image 2', '', ''),
(10, 'uploads/5d9c9c4ef16fb-slide3.jpg', 'image 3', '', ''),
(11, 'uploads/5d9efb4ab22f8-admin.jpg', 'image 4', '', '');

-- --------------------------------------------------------

--
-- Table structure for table `users`
--

CREATE TABLE `users` (
  `id` int(11) NOT NULL,
  `email` varchar(255) COLLATE utf8mb4_unicode_ci NOT NULL,
  `password` varchar(255) COLLATE utf8mb4_unicode_ci NOT NULL,
  `username` varchar(255) COLLATE utf8mb4_unicode_ci NOT NULL,
  `role` int(11) NOT NULL
) ENGINE=InnoDB DEFAULT CHARSET=utf8mb4 COLLATE=utf8mb4_unicode_ci;

--
-- Dumping data for table `users`
--

INSERT INTO `users` (`id`, `email`, `password`, `username`, `role`) VALUES
(1, 'thanhphuongnd99@gmail.com', '123456', 'Phuong Nguyễn', 0),
(9, 'admin@gmail.com', '123456', 'admin', 1),
(10, 'nam@gmail.com', '123456', 'nam', 0),
(11, 'mai@gmail.com', '123456', 'maimai', 0);

--
-- Indexes for dumped tables
--

--
-- Indexes for table `comment`
--
ALTER TABLE `comment`
  ADD PRIMARY KEY (`id`);

--
-- Indexes for table `list`
--
ALTER TABLE `list`
  ADD PRIMARY KEY (`id`);

--
-- Indexes for table `product`
--
ALTER TABLE `product`
  ADD PRIMARY KEY (`id`);

--
-- Indexes for table `setting`
--
ALTER TABLE `setting`
  ADD PRIMARY KEY (`id`);

--
-- Indexes for table `slide`
--
ALTER TABLE `slide`
  ADD PRIMARY KEY (`id`);

--
-- Indexes for table `users`
--
ALTER TABLE `users`
  ADD PRIMARY KEY (`id`);

--
-- AUTO_INCREMENT for dumped tables
--

--
-- AUTO_INCREMENT for table `comment`
--
ALTER TABLE `comment`
  MODIFY `id` int(11) NOT NULL AUTO_INCREMENT, AUTO_INCREMENT=43;

--
-- AUTO_INCREMENT for table `list`
--
ALTER TABLE `list`
  MODIFY `id` int(11) NOT NULL AUTO_INCREMENT, AUTO_INCREMENT=8;

--
-- AUTO_INCREMENT for table `product`
--
ALTER TABLE `product`
  MODIFY `id` int(11) NOT NULL AUTO_INCREMENT, AUTO_INCREMENT=77;

--
-- AUTO_INCREMENT for table `setting`
--
ALTER TABLE `setting`
  MODIFY `id` int(11) NOT NULL AUTO_INCREMENT;

--
-- AUTO_INCREMENT for table `slide`
--
ALTER TABLE `slide`
  MODIFY `id` int(11) NOT NULL AUTO_INCREMENT, AUTO_INCREMENT=12;

--
-- AUTO_INCREMENT for table `users`
--
ALTER TABLE `users`
  MODIFY `id` int(11) NOT NULL AUTO_INCREMENT, AUTO_INCREMENT=12;
COMMIT;

/*!40101 SET CHARACTER_SET_CLIENT=@OLD_CHARACTER_SET_CLIENT */;
/*!40101 SET CHARACTER_SET_RESULTS=@OLD_CHARACTER_SET_RESULTS */;
/*!40101 SET COLLATION_CONNECTION=@OLD_COLLATION_CONNECTION */;
